<?xml version="1.0" encoding="UTF-8"?>
<project xmlns="http://maven.apache.org/POM/4.0.0" xmlns:xsi="http://www.w3.org/2001/XMLSchema-instance" xsi:schemaLocation="http://maven.apache.org/POM/4.0.0 http://maven.apache.org/maven-v4_0_0.xsd">
  <modelVersion>4.0.0</modelVersion>
  <groupId>es.upm.dte.softcom</groupId>
  <artifactId>softcom_p1</artifactId>
  <name>Calculadora</name>
  <version>1.0</version>
  <description>Práctica 1: Calculadora</description>
  <build>
    <extensions>
      <extension>
        <groupId>kr.motd.maven</groupId>
        <artifactId>os-maven-plugin</artifactId>
        <version>1.7.1</version>
      </extension>
    </extensions>
    <plugins>
      <plugin>
        <groupId>kr.motd.maven</groupId>
        <artifactId>os-maven-plugin</artifactId>
        <version>1.7.1</version>
        <executions>
          <execution>
            <phase>initialize</phase>
            <goals>
              <goal>detect</goal>
            </goals>
          </execution>
        </executions>
      </plugin>
      <plugin>
        <groupId>org.xolstice.maven.plugins</groupId>
        <artifactId>protobuf-maven-plugin</artifactId>
        <version>${protobuf.plugin.version}</version>
        <executions>
          <execution>
            <goals>
              <goal>compile</goal>
              <goal>compile-custom</goal>
            </goals>
          </execution>
        </executions>
        <configuration>
          <protocArtifact>com.google.protobuf:protoc:${protobuf.version}:exe:${os.detected.classifier}</protocArtifact>
          <pluginId>grpc-java</pluginId>
          <pluginArtifact>io.grpc:protoc-gen-grpc-java:${grpc.version}:exe:${os.detected.classifier}</pluginArtifact>
        </configuration>
      </plugin>
      <plugin>
        <artifactId>maven-shade-plugin</artifactId>
        <version>3.6.0</version>
        <executions>
          <execution>
            <phase>package</phase>
            <goals>
              <goal>shade</goal>
            </goals>
          </execution>
        </executions>
        <configuration>
          <transformers>
            <transformer />
          </transformers>
        </configuration>
      </plugin>
    </plugins>
  </build>
  <repositories>
    <repository>
      <releases />
      <snapshots />
      <id>sof-com-mvn-repo</id>
      <name>GitHub SOFCOM Maven Packages</name>
      <url>https://raw.githubusercontent.com/sof-com/sof-com-maven-repo/main</url>
    </repository>
  </repositories>
  <dependencies>
    <dependency>
      <groupId>org.apache.tomcat</groupId>
      <artifactId>annotations-api</artifactId>
      <version>6.0.53</version>
      <scope>provided</scope>
    </dependency>
  </dependencies>
  <properties>
    <protobuf.plugin.version>0.6.1</protobuf.plugin.version>
    <maven.compiler.source>17</maven.compiler.source>
    <maven.compiler.target>17</maven.compiler.target>
    <protobuf.version>3.25.5</protobuf.version>
    <project.build.sourceEncoding>UTF-8</project.build.sourceEncoding>
    <grpc.version>1.73.0</grpc.version>
  </properties>
</project>
